#PKey;dev_eui;received_at;RecdAtUnix;f_cnt;f_port;PayloadHex;spreading_factor;frequency;consumed_airtime;RSSI;SNR;humidity;loudness;lux;pressure;temperature;uv;voc;voltage;co2;pm10;pm25
233405;70B3D54998CC2DCB;2023-09-11 00:04:21;1694390661;9576;1;2F8A962796728600000000520F560E38009800DD;12;868500;1.810432;111;4;75;41;0;1013.4;21.7;0;293.18;3.926;364;22.1;15.2
233411;70B3D54998CC2DCB;2023-09-11 00:14:19;1694391259;9577;1;2F8397279572EE00000000530F570F6E007A0089;10;868300;0.452608;113;2;75.5;41.5;0;1013.3;21.63;0;294.22;3.927;395;13.7;12.2
233417;70B3D54998CC2DCB;2023-09-11 00:24:19;1694391859;9578;1;2F7C952794702300000000540F560E2E0058012B;10;868300;0.452608;113;4;74.5;42;0;1013.2;21.56;0;287.07;3.926;363;29.9;8.8
233423;70B3D54998CC2DCB;2023-09-11 00:34:20;1694392460;9579;1;2F7395279467D700000000520F56100400820091;12;868300;1.810432;105;13;74.5;41;0;1013.2;21.47;0;265.83;3.926;410;14.5;13
233429;70B3D54998CC2DCB;2023-09-11 00:44:18;1694393058;9580;1;2F6C9B2792718400000000540F550DE800D20102;10;868100;0.452608;118;4;77.5;42;0;1013;21.4;0;290.6;3.925;356;25.8;21
233434;70B3D54998CC2DCB;2023-09-11 00:54:18;1694393658;9581;1;2F69992792741100000000530F540D1600E200FC;10;868100;0.452608;118;11;76.5;41.5;0;1013;21.37;0;297.13;3.924;335;25.2;22.6
233440;70B3D54998CC2DCB;2023-09-11 01:04:19;1694394259;9582;1;2F649A2791708700000000530F560DA200D700F0;12;868500;1.810432;119;18;77;41.5;0;1012.9;21.32;0;288.07;3.926;349;24;21.5
233446;70B3D54998CC2DCB;2023-09-11 01:14:18;1694394858;9583;1;2F5F9827916C1A00000000530F540DE800D0010D;10;868100;0.452608;117;0;76;41.5;0;1012.9;21.27;0;276.74;3.924;356;26.9;20.8
233452;70B3D54998CC2DCB;2023-09-11 01:24:18;1694395458;9584;1;2F59982791689900000000550F550EBA00D90147;10;868500;0.452608;107;6;76;42.5;0;1012.9;21.21;0;267.77;3.925;377;32.7;21.7
233458;70B3D54998CC2DCB;2023-09-11 01:34:19;1694396059;9585;1;2F4D982790644B00000000530F550E2E00F80167;12;868100;1.810432;121;1;76;41.5;0;1012.8;21.09;0;256.75;3.925;363;35.9;24.8
233463;70B3D54998CC2DCB;2023-09-11 01:44:17;1694396657;9586;1;2F439A279068C400000000530F540E7400B300D0;10;868300;0.452608;108;7;77;41.5;0;1012.8;20.99;0;268.2;3.924;370;20.8;17.9
233468;70B3D54998CC2DCB;2023-09-11 01:54:17;1694397257;9587;1;2F3C9A2790690600000000540F530EF600E6010D;10;868500;0.452608;108;6;77;42;0;1012.8;20.92;0;268.86;3.923;383;26.9;23
233474;70B3D54998CC2DCB;2023-09-11 02:04:18;1694397858;9588;1;2F369C27906DA900000000540F540DD400C20101;12;868500;1.810432;115;16;78;42;0;1012.8;20.86;0;280.73;3.924;354;25.7;19.4
233479;70B3D54998CC2DCB;2023-09-11 02:14:17;1694398457;9589;1;2F329B278F76BC00000000550F530F3200DF00F6;10;868100;0.452608;120;14;77.5;42.5;0;1012.7;20.82;0;303.96;3.923;389;24.6;22.3
233485;70B3D54998CC2DCB;2023-09-11 02:24:16;1694399056;9590;1;2F2D9F278E755500000000560F520FE600BD00D3;10;868500;0.452608;117;6;79.5;43;0;1012.6;20.77;0;300.37;3.922;407;21.1;18.9
233491;70B3D54998CC2DCB;2023-09-11 02:34:16;1694399656;9591;1;2F249C278E700A00000000550F520E74009600A8;12;868300;1.810432;117;16;78;42.5;0;1012.6;20.68;0;286.82;3.922;370;16.8;15
233497;70B3D54998CC2DCB;2023-09-11 02:44:14;1694400254;9592;1;2F1A9D278D6B6100000000550F530E2400A800E4;10;868100;0.452608;120;13;78.5;42.5;0;1012.5;20.58;0;274.89;3.923;362;22.8;16.8
233503;70B3D54998CC2DCB;2023-09-11 02:54:14;1694400854;9593;1;2F0D9B278D645F00000000530F520F28009A00AC;10;868500;0.452608;107;5;77.5;41.5;0;1012.5;20.45;0;256.95;3.922;388;17.2;15.4
233509;70B3D54998CC2DCB;2023-09-11 03:04:15;1694401455;9594;1;2F009D278C653C00000000590F520F1400E70120;12;868100;1.810432;120;14;78.5;44.5;0;1012.4;20.32;0;259.16;3.922;386;28.8;23.1
233515;70B3D54998CC2DCB;2023-09-11 03:14:13;1694402053;9595;1;2EF39D278B634A00000000520F520E7400C200FC;10;868100;0.452608;120;13;78.5;41;0;1012.3;20.19;0;254.18;3.922;370;25.2;19.4
233520;70B3D54998CC2DCB;2023-09-11 03:24:13;1694402653;9596;1;2EE59D278A62C200000000540F510EF6009600A8;10;868500;0.452608;109;6;78.5;42;0;1012.2;20.05;0;252.82;3.921;383;16.8;15
233526;70B3D54998CC2DCB;2023-09-11 03:34:13;1694403253;9597;1;2ED99E278965CB00000000530F500F1E00E90221;12;868500;1.810432;111;17;79;41.5;0;1012.1;19.93;0;260.59;3.92;387;54.5;23.3
233532;70B3D54998CC2DCB;2023-09-11 03:44:12;1694403852;9598;1;2ECF9F2788663200000000530F510E9C00BF00F0;10;868500;0.452608;117;6;79.5;41.5;0;1012;19.83;0;261.62;3.921;374;24;19.1
233537;70B3D54998CC2DCB;2023-09-11 03:54:11;1694404451;9599;1;2EC59E2787649B00000000540F500EEC00C100D6;10;868500;0.452608;108;6;79;42;0;1011.9;19.73;0;257.55;3.92;382;21.4;19.3
233543;70B3D54998CC2DCB;2023-09-11 04:04:12;1694405052;9600;1;2EBA9F27875F9D00000000550F4F0FBE006D007A;12;868100;1.810432;121;15;79.5;42.5;0;1011.9;19.62;0;244.77;3.919;403;12.2;10.9
233549;70B3D54998CC2DCB;2023-09-11 04:14:10;1694405650;9601;1;2EB1A12785644B00000000540F500E9C00C601A5;10;868300;0.452608;107;5;80.5;42;0;1011.7;19.53;0;256.75;3.92;374;42.1;19.8
233555;70B3D54998CC2DCB;2023-09-11 04:24:10;1694406250;9602;1;2EA59F27855EC500000000550F4F1054009A00BA;10;868100;0.452608;113;6;79.5;42.5;0;1011.7;19.41;0;242.61;3.919;418;18.6;15.4
233561;70B3D54998CC2DCB;2023-09-11 04:34:11;1694406851;9603;1;2E9CA22786652800000000540F4D0FDC00EA010F;12;868100;1.810432;125;4;81;42;0;1011.8;19.32;0;258.96;3.917;406;27.1;23.4
233567;70B3D54998CC2DCB;2023-09-11 04:44:09;1694407449;9604;1;2E92A2278562D500000000530F500F46009500DD;10;868500;0.452608;109;6;81;41.5;0;1011.7;19.22;0;253.01;3.92;391;22.1;14.9
233573;70B3D54998CC2DCB;2023-09-11 04:54:09;1694408049;9605;1;2E87A22785621500050000530F4C0F3C01270152;10;868500;0.452608;108;5;81;41.5;5;1011.7;19.11;0;251.09;3.916;390;33.8;29.5
233579;70B3D54998CC2DCB;2023-09-11 05:04:10;1694408650;9606;1;2E80A32785628800110000530F49102200B4010C;12;868300;1.810432;115;13;81.5;41.5;17;1011.7;19.04;0;252.24;3.913;413;26.8;18
233584;70B3D54998CC2DCB;2023-09-11 05:14:08;1694409248;9607;1;2E7EA32785602F00370001510F48111C00C20134;10;868100;0.452608;118;10;81.5;40.5;55;1011.7;19.02;1;246.23;3.912;438;30.8;19.4
233589;70B3D54998CC2DCB;2023-09-11 05:24:08;1694409848;9608;1;2E88A32785635E00660002550F3C0F8C008E00A6;10;868500;0.452608;109;5;81.5;42.5;102;1011.7;19.12;2;254.38;3.9;398;16.6;14.2
233595;70B3D54998CC2DCB;2023-09-11 05:34:09;1694410449;9609;1;2EA3A22785638500B60005550DF90F1400A400F9;12;868300;1.810432;119;17;81;42.5;182;1011.7;19.39;5;254.77;3.577;386;24.9;16.4
233600;70B3D54998CC2DCB;2023-09-11 05:44:08;1694411048;9610;1;2ECDA227856757012D0008540DC91018007E0090;10;868100;0.452608;118;9;81;42;301;1011.7;19.81;8;264.55;3.529;412;14.4;12.6
233606;70B3D54998CC2DCB;2023-09-11 05:54:08;1694411648;9611;1;2EFCA02786691C018C000A550DC80EA600D70137;10;868100;0.452608;120;12;80;42.5;396;1011.8;20.28;10;269.08;3.528;375;31.1;21.5
233613;70B3D54998CC2DCB;2023-09-11 06:04:09;1694412249;9612;1;2F329E27876817022E000C540DC20FA0006D00B4;12;868500;1.810432;117;16;79;42;558;1011.9;20.82;12;266.47;3.522;400;18;10.9
233619;70B3D54998CC2DCB;2023-09-11 06:14:07;1694412847;9613;1;2F6F9A2787686E02980011540DBC10B800760086;10;868100;0.452608;117;13;77;42;664;1011.9;21.43;17;267.34;3.516;428;13.4;11.8
233624;70B3D54998CC2DCB;2023-09-11 06:24:07;1694413447;9614;1;2FA59727876F5D029D0010560DBF0F3C0065006F;10;868300;0.452608;117;13;75.5;43;669;1011.9;21.97;16;285.09;3.519;390;11.1;10.1
233630;70B3D54998CC2DCB;2023-09-11 06:34:09;1694414049;9615;1;2FDF922787733D03C20014540DB80EC4006A008E;12;868100;1.810432;120;16;73;42;962;1011.9;22.55;20;295.01;3.512;378;14.2;10.6
233635;70B3D54998CC2DCB;2023-09-11 06:44:07;1694414647;9616;1;2FFE8E278872EE06D9001F550DB70F6400690084;10;868100;0.452608;115;4;71;42.5;1753;1012;22.86;31;294.22;3.511;394;13.2;10.5
233640;70B3D54998CC2DCB;2023-09-11 06:54:08;1694415248;9617;1;302D8C2788710503D30016530DB90F0A0054005C;10;868300;0.452608;111;0;70;41.5;979;1012;23.33;22;289.33;3.513;385;9.2;8.4
233646;70B3D54998CC2DCB;2023-09-11 07:04:09;1694415849;9618;1;303F89278971D1021D000D540DBF0E38004A0058;12;868300;1.810432;111;12;68.5;42;541;1012.1;23.51;13;291.37;3.519;364;8.8;7.4
233651;70B3D54998CC2DCB;2023-09-11 07:14:07;1694416447;9619;1;306D8727886B340483001A560DB80E380054005D;10;868300;0.452608;112;3;67.5;43;1155;1012;23.97;26;274.44;3.512;364;9.3;8.4
233657;70B3D54998CC2DCB;2023-09-11 07:24:07;1694417047;9620;1;309985278769B6044C001A550DB40E42007E00AB;10;868500;0.452608;119;11;66.5;42.5;1100;1011.9;24.41;26;270.62;3.508;365;17.1;12.6
233663;70B3D54998CC2DCB;2023-09-11 07:34:09;1694417649;9621;1;30BB8327886BA604410019540DB80CEE00520076;12;868100;1.810432;115;3;65.5;42;1089;1012;24.75;25;275.58;3.512;331;11.8;8.2
233669;70B3D54998CC2DCB;2023-09-11 07:44:07;1694418247;9622;1;30C282278871D1048A001B530DB60CD0005A00AF;10;868100;0.452608;113;5;65;41.5;1162;1012;24.82;27;291.37;3.51;328;17.5;9
233674;70B3D54998CC2DCB;2023-09-11 07:54:07;1694418847;9623;1;30E5812788718404B8001D550DB50D16005E0066;10;868100;0.452608;115;2;64.5;42.5;1208;1012;25.17;29;290.6;3.509;335;10.2;9.4
233680;70B3D54998CC2DCB;2023-09-11 08:04:08;1694419448;9624;1;31087F278971D104C1001D580DB50E2E0040004F;12;868300;1.810432;111;2;63.5;44;1217;1012.1;25.52;29;291.37;3.509;363;7.9;6.4
233686;70B3D54998CC2DCB;2023-09-11 08:14:07;1694420047;9625;1;312B7E278A732304CB001D590DB50D2000540085;10;868100;0.452608;121;13;63;44.5;1227;1012.2;25.87;29;294.75;3.509;336;13.3;8.4
233692;70B3D54998CC2DCB;2023-09-11 08:24:07;1694420647;9626;1;31497B278A76BC04D9001D560DB30D0C005E00B5;10;868100;0.452608;119;4;61.5;43;1241;1012.2;26.17;29;303.96;3.507;334;18.1;9.4
233698;70B3D54998CC2DCB;2023-09-11 08:34:08;1694421248;9627;1;315B79278A79FD0474001C540DB60D1600580063;12;868500;1.810432;120;18;60.5;42;1140;1012.2;26.35;28;312.29;3.51;335;9.9;8.8
233704;70B3D54998CC2DCB;2023-09-11 08:44:07;1694421847;9628;1;317077278B80AC04BA001D550DB30C1C006700A5;10;868300;0.452608;117;1;59.5;42.5;1210;1012.3;26.56;29;329.4;3.507;310;16.5;10.3
233709;70B3D54998CC2DCB;2023-09-11 08:54:07;1694422447;9629;1;318578278B843B0493001C580DB50D34003E004B;10;868500;0.452608;106;6;60;44;1171;1012.3;26.77;28;338.51;3.509;338;7.5;6.2
233715;70B3D54998CC2DCB;2023-09-11 09:04:08;1694423048;9630;1;31A377278A7F070482001C570DB60C80003A0063;12;868500;1.810432;106;4;59.5;43.5;1154;1012.2;27.07;28;325.19;3.51;320;9.9;5.8
233720;70B3D54998CC2DCB;2023-09-11 09:14:06;1694423646;9631;1;31C575278B7D4D0481001C540DB50D980033004C;10;868100;0.452608;117;2;58.5;42;1153;1012.3;27.41;28;320.77;3.509;348;7.6;5.1
233725;70B3D54998CC2DCB;2023-09-11 09:24:06;1694424246;9632;1;31DF72278C8328046A001C540DB30CEE0041006C;10;868300;0.452608;108;3;57;42;1130;1012.4;27.67;28;335.76;3.507;331;10.8;6.5
233731;70B3D54998CC2DCB;2023-09-11 09:34:07;1694424847;9633;1;31F172278B8BD20441001B530DB20CDA003F004B;12;868500;1.810432;117;4;57;41.5;1089;1012.3;27.85;27;357.94;3.506;329;7.5;6.3
233737;70B3D54998CC2DCB;2023-09-11 09:44:06;1694425446;9634;1;31FF6F27899008042A001B520DB50BB80036003C;10;868300;0.452608;98;8;55.5;41;1066;1012.1;27.99;27;368.72;3.509;300;6;5.4
233743;70B3D54998CC2DCB;2023-09-11 09:54:06;1694426046;9635;1;32136E2789994A0420001B560DB30CEE0034003A;10;868300;0.452608;109;12;55;43;1056;1012.1;28.19;27;392.42;3.507;331;5.8;5.2
233749;70B3D54998CC2DCB;2023-09-11 10:04:07;1694426647;9636;1;32226D278AA03703EC001A550DB20C12002A002E;12;868100;1.810432;121;18;54.5;42.5;1004;1012.2;28.34;26;410.15;3.506;309;4.6;4.2
233754;70B3D54998CC2DCB;2023-09-11 10:14:05;1694427245;9637;1;32356C2789A66A03DF001B540DB30C26001E002A;10;868300;0.452608;109;7;54;42;991;1012.1;28.53;27;426.02;3.507;311;4.2;3
233759;70B3D54998CC2DCB;2023-09-11 10:24:05;1694427845;9638;1;324F692788ACE203DC001A550DB30B3600240028;10;868500;0.452608;109;4;52.5;42.5;988;1012;28.79;26;442.58;3.507;287;4;3.6
233765;70B3D54998CC2DCB;2023-09-11 10:34:06;1694428446;9639;1;325F672789B84B03E2001A540DB10BE0002F0045;12;868100;1.810432;121;17;51.5;42;994;1012.1;28.95;26;471.79;3.505;304;6.9;4.7
233771;70B3D54998CC2DCB;2023-09-11 10:44:05;1694429045;9640;1;326E662789C50603F1001B540DB20AF00021002F;10;868300;0.452608;112;3;51;42;1009;1012.1;29.1;27;504.38;3.506;280;4.7;3.3
233776;70B3D54998CC2DCB;2023-09-11 10:54:05;1694429645;9641;1;3286662788C3FE040C001B550DB00C1C0028002B;10;868500;0.452608;108;4;51;42.5;1036;1012;29.34;27;501.74;3.504;310;4.3;4
233781;70B3D54998CC2DCB;2023-09-11 11:04:06;1694430246;9642;1;32A1632787C6F70431001C570DB10A6E00210024;12;868500;1.810432;117;13;49.5;43.5;1073;1011.9;29.61;28;509.35;3.505;267;3.6;3.3
233787;70B3D54998CC2DCB;2023-09-11 11:14:04;1694430844;9643;1;32AE602786D776046A001E540DB00B0E00330041;10;868500;0.452608;109;5;48;42;1130;1011.8;29.74;30;551.58;3.504;283;6.5;5.1
233792;70B3D54998CC2DCB;2023-09-11 11:24:04;1694431444;9644;1;32C7612787E04D04B1001F550DAF09EC001A0043;10;868100;0.452608;121;16;48.5;42.5;1201;1011.9;29.99;31;574.21;3.503;254;6.7;2.6
233798;70B3D54998CC2DCB;2023-09-11 11:34:06;1694432046;9645;1;32E25F2787E7D5050D0021550DB00B68001C0039;12;868500;1.810432;119;17;47.5;42.5;1293;1011.9;30.26;33;593.49;3.504;292;5.7;2.8
233804;70B3D54998CC2DCB;2023-09-11 11:44:04;1694432644;9646;1;33135F2787EC0005970024540DAF0B4A00280048;10;868500;0.452608;105;6;47.5;42;1431;1011.9;30.75;36;604.16;3.503;289;7.2;4
233810;70B3D54998CC2DCB;2023-09-11 11:54:04;1694433244;9647;1;33405B2787EDED06310029540DAF0B90002C0037;10;868300;0.452608;113;7;45.5;42;1585;1011.9;31.2;41;609.09;3.503;296;5.5;4.4
233816;70B3D54998CC2DCB;2023-09-11 12:04:06;1694433846;9648;1;33975B2787E23C06D7002F540DBD0C3A003D00A0;12;868100;1.810432;117;4;45.5;42;1751;1011.9;32.07;47;579.16;3.517;313;16;6.1
233821;70B3D54998CC2DCB;2023-09-11 12:14:05;1694434445;9649;1;3412552787DF5907080032560DCB0AC80035003B;10;868300;0.452608;112;6;42.5;43;1800;1011.9;33.3;50;571.77;3.531;276;5.9;5.3
233826;70B3D54998CC2DCB;2023-09-11 12:24:06;1694435046;9650;1;34C54D2787CA7F071B0033550DCF0AFA000D000E;10;868100;0.452608;117;4;38.5;42.5;1819;1011.9;35.09;51;518.39;3.535;281;1.4;1.3
233832;70B3D54998CC2DCB;2023-09-11 12:34:08;1694435648;9651;1;354F462787C91907540035540DD509BA001A0023;12;868300;1.810432;106;8;35;42;1876;1011.9;36.47;53;514.81;3.541;249;3.5;2.6
233837;70B3D54998CC2DCB;2023-09-11 12:44:07;1694436247;9652;1;35C7402788CD5907A2003C560DDE0BEA000F0010;10;868300;0.452608;119;7;32;43;1954;1012;37.67;60;525.69;3.55;305;1.6;1.5
233843;70B3D54998CC2DCB;2023-09-11 12:54:07;1694436847;9653;1;36383C2787D34C09500045550DE10A64000F0010;10;868100;0.452608;120;9;30;42.5;2384;1011.9;38.8;69;540.92;3.553;266;1.6;1.5
233849;70B3D54998CC2DCB;2023-09-11 13:04:09;1694437449;9654;1;369C392787E07E0CEE0066590DF50938000E000F;12;868500;1.810432;118;18;28.5;44.5;3310;1011.9;39.8;102;574.7;3.573;236;1.5;1.4
233854;70B3D54998CC2DCB;2023-09-11 13:14:08;1694438048;9655;1;3740352787E3690C0B0081550DCC09E2000E000F;10;868100;0.452608;118;0;26.5;42.5;3083;1011.9;41.44;129;582.17;3.532;253;1.5;1.4
233860;70B3D54998CC2DCB;2023-09-11 13:24:08;1694438648;9656;1;37A4322786E3370DFD0089590DCE0AD200100042;10;868300;0.452608;112;11;25;44.5;3581;1011.8;42.44;137;581.67;3.534;277;6.6;1.6
233866;70B3D54998CC2DCB;2023-09-11 13:34:09;1694439249;9657;1;37B8302787FB5F14910096560DCF0BCC000F0010;12;868100;1.810432;120;14;24;43;5265;1011.9;42.64;150;643.51;3.535;302;1.6;1.5
233872;70B3D54998CC2DCB;2023-09-11 13:44:08;1694439848;9658;1;38272E2786FFFF1E1B00BD570DD40B0400120015;10;868300;0.452608;114;1;23;43.5;7707;1011.8;43.75;189;655.35;3.54;282;2.1;1.8
233878;70B3D54998CC2DCB;2023-09-11 13:54:09;1694440449;9659;1;38C32C2787FC571E5C00CC560DD40992001A002D;10;868300;0.452608;115;7;22;43;7772;1011.9;45.31;204;645.99;3.54;245;4.5;2.6
233884;70B3D54998CC2DCB;2023-09-11 14:04:11;1694441051;9660;1;3959282786F3AC27F000DB5B0DD80A1400190022;12;868500;1.810432;116;6;20;45.5;10224;1011.8;46.81;219;623.8;3.544;258;3.4;2.5
233889;70B3D54998CC2DCB;2023-09-11 14:14:10;1694441650;9661;1;39D0282785F053225000BA590DD60A6E0019001B;10;868500;0.452608;117;9;20;44.5;8784;1011.7;48;186;615.23;3.542;267;2.7;2.5
233894;70B3D54998CC2DCB;2023-09-11 14:24:10;1694442250;9662;1;39D7282785F0FC248C00CA590DD709EC000F0016;10;868500;0.452608;112;3;20;44.5;9356;1011.7;48.07;202;616.92;3.543;254;2.2;1.5
233899;70B3D54998CC2DCB;2023-09-11 14:34:11;1694442851;9663;1;39C4292786F8482BA500E0560DD8099C001D0020;12;868500;1.810432;117;6;20.5;43;11173;1011.8;47.88;224;635.6;3.544;246;3.2;2.9
233904;70B3D54998CC2DCB;2023-09-11 14:44:09;1694443449;9664;1;39562B2785FFFF288C00CD590DE708E80023003D;10;868500;0.452608;105;7;21.5;44.5;10380;1011.7;46.78;205;655.35;3.559;228;6.1;3.5
233910;70B3D54998CC2DCB;2023-09-11 14:54:09;1694444049;9665;1;392A2D2784FFFF2D0600DE560DEC082A001E0020;10;868500;0.452608;118;8;22.5;43;11526;1011.6;46.34;222;655.35;3.564;209;3.2;3
233916;70B3D54998CC2DCB;2023-09-11 15:04:10;1694444650;9666;1;38592D2783FFFF09C80036580DD8096A0018001A;12;868300;1.810432;117;7;22.5;44;2504;1011.5;44.25;54;655.35;3.544;241;2.6;2.4
233921;70B3D54998CC2DCB;2023-09-11 15:14:06;1694445246;9667;1;37AF302786FFFF21BE00A0560DDE0A640019001B;10;868300;0.452608;117;5;24;43;8638;1011.8;42.55;160;655.35;3.55;266;2.7;2.5
233927;70B3D54998CC2DCB;2023-09-11 15:24:05;1694445845;9668;1;374A342786FFFF256E00A4590DDE07C600110022;10;868300;0.452608;111;4;26;44.5;9582;1011.8;41.54;164;655.35;3.55;199;3.4;1.7
233933;70B3D54998CC2DCB;2023-09-11 15:34:06;1694446446;9669;1;36EB372786FFFF0C270041560DD809E200140021;12;868300;1.810432;117;1;27.5;43;3111;1011.8;40.59;65;655.35;3.544;253;3.3;2
233939;70B3D54998CC2DCB;2023-09-11 15:44:03;1694447043;9670;1;35A73F2788FFFF0AB8003B650DD40BEA00310052;10;868300;0.452608;109;4;31.5;50.5;2744;1012;37.35;59;655.35;3.54;305;8.2;4.9
233945;70B3D54998CC2DCB;2023-09-11 15:54:01;1694447641;9671;1;34DA472788FFFF0841002D540DD30BE0003D0068;10;868300;0.452608;119;6;35.5;42;2113;1012;35.3;45;655.35;3.539;304;10.4;6.1
233950;70B3D54998CC2DCB;2023-09-11 16:04:01;1694448241;9672;1;33FE4A2788FFFF0525001F550DD20A000028008D;12;868300;1.810432;115;2;37;42.5;1317;1012;33.1;31;655.35;3.538;256;14.1;4
233956;70B3D54998CC2DCB;2023-09-11 16:13:59;1694448839;9673;1;3350512788FFFF0219000E530DD40A6E002C0030;10;868100;0.452608;118;6;40.5;41.5;537;1012;31.36;14;655.35;3.54;267;4.8;4.4
233962;70B3D54998CC2DCB;2023-09-11 16:23:58;1694449438;9674;1;32CA582787FFFF0165000A570DDA0B5400360055;10;868300;0.452608;113;5;44;43.5;357;1011.9;30.02;10;655.35;3.546;290;8.5;5.4
233968;70B3D54998CC2DCB;2023-09-11 16:33:58;1694450038;9675;1;327B5D2787FFFF02CE0013550DCF0AE600240027;12;868100;1.810432;121;16;46.5;42.5;718;1011.9;29.23;19;655.35;3.535;279;3.9;3.6
233973;70B3D54998CC2DCB;2023-09-11 16:43:56;1694450636;9676;1;3249602786FFFF0244000F560DD20A50004C005E;10;868300;0.452608;108;4;48;43;580;1011.8;28.73;15;655.35;3.538;264;9.4;7.6
233978;70B3D54998CC2DCB;2023-09-11 16:53:55;1694451235;9677;1;3223622784FFFF01FD000D550DD00B68002C0033;10;868500;0.452608;118;9;49;42.5;509;1011.6;28.35;13;655.35;3.536;292;5.1;4.4
233984;70B3D54998CC2DCB;2023-09-11 17:03:56;1694451836;9678;1;320B632784FFFF0168000A540DD30B040039003F;12;868300;1.810432;117;8;49.5;42;360;1011.6;28.11;10;655.35;3.539;282;6.3;5.7
233989;70B3D54998CC2DCB;2023-09-11 17:13:54;1694452434;9679;1;31E1682781FFFF01020007530DE30AB4006C00D0;10;868500;0.452608;117;10;52;41.5;258;1011.3;27.69;7;655.35;3.555;274;20.8;10.8
233995;70B3D54998CC2DCB;2023-09-11 17:23:53;1694453033;9680;1;31AB6C277FFFFF00720003520F350A96003A004C;10;868100;0.452608;120;8;54;41;114;1011.1;27.15;3;655.35;3.893;271;7.6;5.8
234001;70B3D54998CC2DCB;2023-09-11 17:33:54;1694453634;9681;1;31676E2781EB2800570002560F530C1C004B0060;12;868100;1.810432;121;1;55;43;87;1011.3;26.47;2;602;3.923;310;9.6;7.5
234007;70B3D54998CC2DCB;2023-09-11 17:43:52;1694454232;9682;1;312A742783D9C900200001520F580B180035003B;10;868300;0.452608;108;5;58;41;32;1011.5;25.86;1;557.53;3.928;284;5.9;5.3
234013;70B3D54998CC2DCB;2023-09-11 17:53:52;1694454832;9683;1;30F2772785D172000F0000540F5B0BB8005A0063;10;868100;0.452608;114;14;59.5;42;15;1011.7;25.3;0;536.18;3.931;300;9.9;9
234018;70B3D54998CC2DCB;2023-09-11 18:03:52;1694455432;9684;1;30C47A2786BBFD00020000540F5B0AD2007800B5;12;868300;1.810432;108;4;61;42;2;1011.8;24.84;0;481.25;3.931;277;18.1;12
234023;70B3D54998CC2DCB;2023-09-11 18:13:50;1694456030;9685;1;30A07D2787AED700000000540F5B0C9E00680085;10;868300;0.452608;108;13;62.5;42;0;1011.9;24.48;0;447.59;3.931;323;13.3;10.4
234028;70B3D54998CC2DCB;2023-09-11 18:23:50;1694456630;9686;1;30837D278899A600000000530F5C0CE4006A00A5;10;868100;0.452608;119;10;62.5;41.5;0;1012;24.19;0;393.34;3.932;330;16.5;10.6
234033;70B3D54998CC2DCB;2023-09-11 18:33:50;1694457230;9687;1;30648127889B4900000000520F5B0C62006B007D;12;868500;1.810432;111;4;64.5;41;0;1012;23.88;0;397.53;3.931;317;12.5;10.7
234037;70B3D54998CC2DCB;2023-09-11 18:43:48;1694457828;9688;1;3049822789912A00000000510F5A0CC60051005D;10;868500;0.452608;117;8;65;40.5;0;1012.1;23.61;0;371.62;3.93;327;9.3;8.1
234041;70B3D54998CC2DCB;2023-09-11 18:53:48;1694458428;9689;1;302F85278A915400000000550F5B0BF400660096;10;868300;0.452608;105;3;66.5;42.5;0;1012.2;23.35;0;372.04;3.931;306;15;10.2
234046;70B3D54998CC2DCB;2023-09-11 19:03:49;1694459029;9690;1;301786278D91A800000000530F580C44008C010E;12;868300;1.810432;117;6;67;41.5;0;1012.5;23.11;0;372.88;3.928;314;27;14
234050;70B3D54998CC2DCB;2023-09-11 19:13:48;1694459628;9691;1;2FF889278E8D0B00000000540F5A0BF4007A00D4;10;868500;0.452608;107;4;68.5;42;0;1012.6;22.8;0;361.07;3.93;306;21.2;12.2
234054;70B3D54998CC2DCB;2023-09-11 19:23:47;1694460227;9692;1;2FD78A278D823B00000000550F590C26009E01B3;10;868500;0.452608;111;4;69;42.5;0;1012.5;22.47;0;333.39;3.929;311;43.5;15.8
234058;70B3D54998CC2DCB;2023-09-11 19:33:48;1694460828;9693;1;2FC08C278B74CD00000000530F570CB200610087;12;868100;1.810432;102;2;70;41.5;0;1012.3;22.24;0;299.01;3.927;325;13.5;9.7
234063;70B3D54998CC2DCB;2023-09-11 19:43:46;1694461426;9694;1;2FB18D278E72EE00000000510F580D020084013F;10;868500;0.452608;111;2;70.5;40.5;0;1012.6;22.09;0;294.22;3.928;333;31.9;13.2
234067;70B3D54998CC2DCB;2023-09-11 19:53:45;1694462025;9695;1;2FA091278F732300000000520F590D1600600074;10;868100;0.452608;117;17;72.5;41;0;1012.7;21.92;0;294.75;3.929;335;11.6;9.6
234071;70B3D54998CC2DCB;2023-09-11 20:03:46;1694462626;9696;1;2F8694278C6CBD00000000530F580D48006C00B5;12;868500;1.810432;107;6;74;41.5;0;1012.4;21.66;0;278.37;3.928;340;18.1;10.8
234075;70B3D54998CC2DCB;2023-09-11 20:13:44;1694463224;9697;1;2F5D98278C682D00000000520F580D02008900A8;10;868500;0.452608;117;9;76;41;0;1012.4;21.25;0;266.69;3.928;333;16.8;13.7
234079;70B3D54998CC2DCB;2023-09-11 20:23:43;1694463823;9698;1;2F3E9B278B64EB00000000540F580D98008D00B8;10;868500;0.452608;107;7;77.5;42;0;1012.3;20.94;0;258.35;3.928;348;18.4;14.1
234084;70B3D54998CC2DCB;2023-09-11 20:33:44;1694464424;9699;1;2F219D278C5CCC00000000510F570E60008900C6;12;868100;1.810432;121;8;78.5;40.5;0;1012.4;20.65;0;237.56;3.927;368;19.8;13.7
234088;70B3D54998CC2DCB;2023-09-11 20:43:42;1694465022;9700;1;2F07A1278D569300000000540F550F8C00A40191;10;868300;0.452608;119;8;80.5;42;0;1012.5;20.39;0;221.63;3.925;398;40.1;16.4
234092;70B3D54998CC2DCB;2023-09-11 20:53:42;1694465622;9701;1;2EF3A4278F541800000000530F550DF2008F00DA;10;868300;0.452608;105;4;82;41.5;0;1012.7;20.19;0;215.28;3.925;357;21.8;14.3
234097;70B3D54998CC2DCB;2023-09-11 21:03:43;1694466223;9702;1;2EE9A5279351CE00000000510F550EC4008800E3;12;868300;1.810432;121;16;82.5;40.5;0;1013.1;20.09;0;209.42;3.925;378;22.7;13.6
234101;70B3D54998CC2DCB;2023-09-11 21:13:41;1694466821;9703;1;2EE6A62793520300000000510F560E7400E4018A;10;868500;0.452608;105;7;83;40.5;0;1013.1;20.06;0;209.95;3.926;370;39.4;22.8
234105;70B3D54998CC2DCB;2023-09-11 21:23:41;1694467421;9704;1;2EDEA52792510900000000520F560E74009A00DD;10;868100;0.452608;121;16;82.5;41;0;1013;19.98;0;207.45;3.926;370;22.1;15.4
234110;70B3D54998CC2DCB;2023-09-11 21:33:42;1694468022;9705;1;2ED8A72790555100000000510F540E60008C00D5;12;868300;1.810432;121;8;83.5;40.5;0;1012.8;19.92;0;218.41;3.924;368;21.3;14
234114;70B3D54998CC2DCB;2023-09-11 21:43:40;1694468620;9706;1;2ED4A6279053D200000000510F550D3E009E00D5;10;868300;0.452608;115;9;83;40.5;0;1012.8;19.88;0;214.58;3.925;339;21.3;15.8
234119;70B3D54998CC2DCB;2023-09-11 21:53:40;1694469220;9707;1;2ED2A8279056A200000000520F550E10007100B2;10;868300;0.452608;115;9;84;41;0;1012.8;19.86;0;221.78;3.925;360;17.8;11.3
234124;70B3D54998CC2DCB;2023-09-11 22:03:41;1694469821;9708;1;2ECCA927925F1F00000000500F550DD400DB0124;12;868100;1.810432;117;8;84.5;40;0;1013;19.8;0;243.51;3.925;354;29.2;21.9
234128;70B3D54998CC2DCB;2023-09-11 22:13:39;1694470419;9709;1;2EC9A9279060E800000000510F540E6A00BB0119;10;868100;0.452608;119;9;84.5;40.5;0;1012.8;19.77;0;248.08;3.924;369;28.1;18.7
234132;70B3D54998CC2DCB;2023-09-11 22:23:38;1694471018;9710;1;2EC5A827905EE900000000520F530E7E007C012F;10;868500;0.452608;119;12;84;41;0;1012.8;19.73;0;242.97;3.923;371;30.3;12.4
234137;70B3D54998CC2DCB;2023-09-11 22:33:40;1694471620;9711;1;2EBDA92790609D00000000520F530D5200A000E4;12;868300;1.810432;119;7;84.5;41;0;1012.8;19.65;0;247.33;3.923;341;22.8;16
234141;70B3D54998CC2DCB;2023-09-11 22:43:38;1694472218;9712;1;2EB7A9278E62E900000000520F530E38010D017B;10;868100;0.452608;119;9;84.5;41;0;1012.6;19.59;0;253.21;3.923;364;37.9;26.9
234146;70B3D54998CC2DCB;2023-09-11 22:53:38;1694472818;9713;1;2EB1AA278E66AF00000000520F530F8C00AF00FC;10;868100;0.452608;117;8;85;41;0;1012.6;19.53;0;262.87;3.923;398;25.2;17.5
234151;70B3D54998CC2DCB;2023-09-11 23:03:39;1694473419;9714;1;2EA6AB278B64EB00000000510F510DC000CA0152;12;868100;1.810432;120;16;85.5;40.5;0;1012.3;19.42;0;258.35;3.921;352;33.8;20.2
234155;70B3D54998CC2DCB;2023-09-11 23:13:37;1694474017;9715;1;2E9BAB278C63D400000000530F520DE800CC0187;10;868300;0.452608;119;16;85.5;41.5;0;1012.4;19.31;0;255.56;3.922;356;39.1;20.4
234159;70B3D54998CC2DCB;2023-09-11 23:23:37;1694474617;9716;1;2E92AB278A5F1F00000000510F510ECE00C6017F;10;868500;0.452608;119;17;85.5;40.5;0;1012.2;19.22;0;243.51;3.921;379;38.3;19.8
234163;70B3D54998CC2DCB;2023-09-11 23:33:38;1694475218;9717;1;2E8BAB278B5E2600000000510F510E4200CE01F2;12;868100;1.810432;120;6;85.5;40.5;0;1012.3;19.15;0;241.02;3.921;365;49.8;20.6
234168;70B3D54998CC2DCB;2023-09-11 23:43:36;1694475816;9718;1;2E82AC278C5D7800000000520F500EBA00880113;10;868300;0.452608;107;8;86;41;0;1012.4;19.06;0;239.28;3.92;377;27.5;13.6
234173;70B3D54998CC2DCB;2023-09-11 23:53:36;1694476416;9719;1;2E78AC278C5E7E00000000520F4F0E7400B80164;10;868500;0.452608;119;11;86;41;0;1012.4;18.96;0;241.9;3.919;370;35.6;18.4
234178;70B3D54998CC2DCB;2023-09-12 00:03:37;1694477017;9720;1;2E71AC278C5B4A00000000540F500F3200E9024D;12;868300;1.810432;120;18;86;42;0;1012.4;18.89;0;233.7;3.92;389;58.9;23.3
234183;70B3D54998CC2DCB;2023-09-12 00:13:35;1694477615;9721;1;2E66AD278C5A2400000000510F4E0DFC00EC01A6;10;868300;0.452608;104;8;86.5;40.5;0;1012.4;18.78;0;230.76;3.918;358;42.2;23.6
234188;70B3D54998CC2DCB;2023-09-12 00:23:35;1694478215;9722;1;2E54AE278C5A1400000000520F4D0FA000EB019C;10;868500;0.452608;117;12;87;41;0;1012.4;18.6;0;230.6;3.917;400;41.2;23.5
234193;70B3D54998CC2DCB;2023-09-12 00:33:36;1694478816;9723;1;2E43AF278B5C1200000000520F4D0F8C010902C5;12;868100;1.810432;105;6;87.5;41;0;1012.3;18.43;0;235.7;3.917;398;70.9;26.5
234198;70B3D54998CC2DCB;2023-09-12 00:43:34;1694479414;9724;1;2E32AF278C5A1400000000510F4D0F5000B901D9;10;868300;0.452608;100;8;87.5;40.5;0;1012.4;18.26;0;230.6;3.917;392;47.3;18.5
234203;70B3D54998CC2DCB;2023-09-12 00:53:34;1694480014;9725;1;2E23AF278C5A8500000000520F4C0FAA00CE01CF;10;868100;0.452608;108;8;87.5;41;0;1012.4;18.11;0;231.73;3.916;401;46.3;20.6
234208;70B3D54998CC2DCB;2023-09-12 01:03:35;1694480615;9726;1;2E19B0278C5B9C00000000530F4C0EE200BE018C;12;868100;1.810432;119;15;88;41.5;0;1012.4;18.01;0;234.52;3.916;381;39.6;19
234212;70B3D54998CC2DCB;2023-09-12 01:13:33;1694481213;9727;1;2E14B0278C5CAA00000000510F4D0EEC00E60226;10;868500;0.452608;119;11;88;40.5;0;1012.4;17.96;0;237.22;3.917;382;55;23
234217;70B3D54998CC2DCB;2023-09-12 01:23:33;1694481813;9728;1;2E0EB1278C609D00000000510F4B0F3200D40194;10;868300;0.452608;103;8;88.5;40.5;0;1012.4;17.9;0;247.33;3.915;389;40.4;21.2
234222;70B3D54998CC2DCB;2023-09-12 01:33:34;1694482414;9729;1;2E05B0278C5FE600000000520F4D0F1400CA0197;12;868100;1.810432;119;7;88;41;0;1012.4;17.81;0;245.5;3.917;386;40.7;20.2
234226;70B3D54998CC2DCB;2023-09-12 01:43:32;1694483012;9730;1;2DF9AF278B602F00000000510F4B0FDC00AE0190;10;868500;0.452608;104;7;87.5;40.5;0;1012.3;17.69;0;246.23;3.915;406;40;17.4
234231;70B3D54998CC2DCB;2023-09-12 01:53:31;1694483611;9731;1;2DE7AF278B5F7900000000520F4B1130008C00A5;10;868300;0.452608;102;8;87.5;41;0;1012.3;17.51;0;244.41;3.915;440;16.5;14
234236;70B3D54998CC2DCB;2023-09-12 02:03:32;1694484212;9732;1;2DD1B0278A61A300000000520F490FC800BD01CF;12;868100;1.810432;121;14;88;41;0;1012.2;17.29;0;249.95;3.913;404;46.3;18.9
234239;70B3D54998CC2DCB;2023-09-12 02:13:30;1694484810;9733;1;2DBEB12789632300000000530F49115800880105;10;868300;0.452608;105;7;88.5;41.5;0;1012.1;17.1;0;253.79;3.913;444;26.1;13.6
234243;70B3D54998CC2DCB;2023-09-12 02:23:30;1694485410;9734;1;2DADB1278963C000000000510F4911A80066011C;10;868100;0.452608;107;5;88.5;40.5;0;1012.1;16.93;0;255.36;3.913;452;28.4;10.2
234248;70B3D54998CC2DCB;2023-09-12 02:33:31;1694486011;9735;1;2D9FB12789653C00000000510F451126009801B5;12;868300;1.810432;102;7;88.5;40.5;0;1012.1;16.79;0;259.16;3.909;439;43.7;15.2
234253;70B3D54998CC2DCB;2023-09-12 02:43:29;1694486609;9736;1;2D90B1278A670300000000520F47114E00A10148;10;868300;0.452608;102;9;88.5;41;0;1012.2;16.64;0;263.71;3.911;443;32.8;16.1
234257;70B3D54998CC2DCB;2023-09-12 02:53:29;1694487209;9737;1;2D80B1278B682D00000000510F4610F400C60178;10;868500;0.452608;118;12;88.5;40.5;0;1012.3;16.48;0;266.69;3.91;434;37.6;19.8
234262;70B3D54998CC2DCB;2023-09-12 03:03:30;1694487810;9738;1;2D71B1278A6C8E00000000520F44113000CB01A2;12;868100;1.810432;118;16;88.5;41;0;1012.2;16.33;0;277.9;3.908;440;41.8;20.3
234266;70B3D54998CC2DCB;2023-09-12 03:13:29;1694488409;9739;1;2D65B2278B6F5D00000000510F43105E0081010B;10;868100;0.452608;118;8;89;40.5;0;1012.3;16.21;0;285.09;3.907;419;26.7;12.9
234271;70B3D54998CC2DCB;2023-09-12 03:23:28;1694489008;9740;1;2D57B2278B6FD800000000520F4411EE0091016F;10;868500;0.452608;105;7;89;41;0;1012.3;16.07;0;286.32;3.908;459;36.7;14.5
234276;70B3D54998CC2DCB;2023-09-12 03:33:29;1694489609;9741;1;2D51B2278B6F44000000004F0F4411E4008B01D4;12;868100;1.810432;121;15;89;39.5;0;1012.3;16.01;0;284.84;3.908;458;46.8;13.9
234280;70B3D54998CC2DCB;2023-09-12 03:43:27;1694490207;9742;1;2D57B227896E2100000000530F4411EE00AD0153;10;868300;0.452608;101;6;89;41.5;0;1012.1;16.07;0;281.93;3.908;459;33.9;17.3
234285;70B3D54998CC2DCB;2023-09-12 03:53:27;1694490807;9743;1;2D5FB227896F7500000000530F42122A0092013F;10;868300;0.452608;104;5;89;41.5;0;1012.1;16.15;0;285.33;3.906;465;31.9;14.6
234290;70B3D54998CC2DCB;2023-09-12 04:03:28;1694491408;9744;1;2D64B32789730800000000500F42118000E20258;12;868300;1.810432;102;4;89.5;40;0;1012.1;16.2;0;294.48;3.906;448;60;22.6
234294;70B3D54998CC2DCB;2023-09-12 04:13:27;1694492007;9745;1;2D69B32789744700000000520F40127A00E10224;10;868500;0.452608;105;7;89.5;41;0;1012.1;16.25;0;297.67;3.904;473;54.8;22.5
234298;70B3D54998CC2DCB;2023-09-12 04:23:26;1694492606;9746;1;2D6AB32788751F00000000530F3F10860101031A;10;868500;0.452608;105;8;89.5;41.5;0;1012;16.26;0;299.83;3.903;423;79.4;25.7
234303;70B3D54998CC2DCB;2023-09-12 04:33:27;1694493207;9747;1;2D63B3278875DE00000000520F3F12AC00CB01D2;12;868100;1.810432;119;19;89.5;41;0;1012;16.19;0;301.74;3.903;478;46.6;20.3
234308;70B3D54998CC2DCB;2023-09-12 04:43:26;1694493806;9748;1;2D57B32786757000000000520F3F115800D30203;10;868300;0.452608;105;8;89.5;41;0;1011.8;16.07;0;300.64;3.903;444;51.5;21.1
234312;70B3D54998CC2DCB;2023-09-12 04:53:25;1694494405;9749;1;2D4AB3278777F300010000520F3E1234008D0127;10;868100;0.452608;107;8;89.5;41;1;1011.9;15.94;0;307.07;3.902;466;29.5;14.1
234316;70B3D54998CC2DCB;2023-09-12 05:03:26;1694495006;9750;1;2D3FB427887B0900020000510F3F10A4010003B6;12;868300;1.810432;115;9;90;40.5;2;1012;15.83;0;314.97;3.903;426;95;25.6
234320;70B3D54998CC2DCB;2023-09-12 05:13:24;1694495604;9751;1;2D3DB427887AEB00090001520F461194012B0369;10;868100;0.452608;117;9;90;41;9;1012;15.81;1;314.67;3.91;450;87.3;29.9
234324;70B3D54998CC2DCB;2023-09-12 05:23:23;1694496203;9752;1;2D43B427887A7300160000500F43126600F30360;10;868500;0.452608;105;7;90;40;22;1012;15.87;0;313.47;3.907;471;86.4;24.3
234329;70B3D54998CC2DCB;2023-09-12 05:33:25;1694496805;9753;1;2D52B527887B2700200001530F3F10680166051A;12;868300;1.810432;118;16;90.5;41.5;32;1012;16.02;1;315.27;3.903;420;130.6;35.8
234334;70B3D54998CC2DCB;2023-09-12 05:43:23;1694497403;9754;1;2D6DB627897E4800390001520F3A0FE6014A04E2;10;868100;0.452608;120;13;91;41;57;1012.1;16.29;1;323.28;3.898;407;125;33
234338;70B3D54998CC2DCB;2023-09-12 05:53:23;1694498003;9755;1;2D89B527897AAF00650003510DF2102200FF04C0;10;868300;0.452608;106;8;90.5;40.5;101;1012.1;16.57;3;314.07;3.57;413;121.6;25.5
234343;70B3D54998CC2DCB;2023-09-12 06:03:24;1694498604;9756;1;2DAEB5278A75C300850005530DBC0F1400C002D4;12;868500;1.810432;104;7;90.5;41.5;133;1012.2;16.94;5;301.47;3.516;386;72.4;19.2
234347;70B3D54998CC2DCB;2023-09-12 06:13:23;1694499203;9757;1;2DCFB5278B737200740004550DC40FB4011E0352;10;868100;0.452608;106;7;90.5;42.5;116;1012.3;17.27;4;295.54;3.524;402;85;28.6
234351;70B3D54998CC2DCB;2023-09-12 06:23:23;1694499803;9758;1;2DEDB5278C723800820004550DC10F6E00F20347;10;868100;0.452608;109;8;90.5;42.5;130;1012.4;17.57;4;292.4;3.521;395;83.9;24.2
234356;70B3D54998CC2DCB;2023-09-12 06:33:24;1694500404;9759;1;2E09B4278C73C100AE0005540DBB0E4C0100029C;12;868100;1.810432;108;7;90;42;174;1012.4;17.85;5;296.33;3.515;366;66.8;25.6
234360;70B3D54998CC2DCB;2023-09-12 06:43:22;1694501002;9760;1;2E23B3278D763100B60006530DB50F8C00CC0221;10;868300;0.452608;105;8;89.5;41.5;182;1012.5;18.11;6;302.57;3.509;398;54.5;20.4
234364;70B3D54998CC2DCB;2023-09-12 06:53:22;1694501602;9761;1;2E39B2278C751F00CE0006530DB60E6A00F9038E;10;868300;0.452608;106;9;89;41.5;206;1012.4;18.33;6;299.83;3.51;369;91;24.9
234369;70B3D54998CC2DCB;2023-09-12 07:03:23;1694502203;9762;1;2E4FB2278D751F00EE0007520DB20E4C00CD0181;12;868500;1.810432;117;15;89;41;238;1012.5;18.55;7;299.83;3.506;366;38.5;20.5
234373;70B3D54998CC2DCB;2023-09-12 07:13:22;1694502802;9763;1;2E64B1278D74CD011C0009520DAD0EA6012C028A;10;868300;0.452608;102;8;88.5;41;284;1012.5;18.76;9;299.01;3.501;375;65;30
234378;70B3D54998CC2DCB;2023-09-12 07:23:22;1694503402;9764;1;2E7FB0278D6F2C0151000A520DAC0F5000F9028F;10;868500;0.452608;104;8;88;41;337;1012.5;19.03;10;284.6;3.5;392;65.5;24.9
234383;70B3D54998CC2DCB;2023-09-12 07:33:23;1694504003;9765;1;2E9AAE278E6C020168000B520DAB0E9200D901F3;12;868500;1.810432;120;16;87;41;360;1012.6;19.3;11;276.5;3.499;373;49.9;21.7
234388;70B3D54998CC2DCB;2023-09-12 07:43:22;1694504602;9766;1;2EAEAE278E6A52017F000B530DB10F8200EC01C9;10;868100;0.452608;109;9;87;41.5;383;1012.6;19.5;11;272.18;3.505;397;45.7;23.6
234392;70B3D54998CC2DCB;2023-09-12 07:53:21;1694505201;9767;1;2EBDAD278F6E2103F8001A520DA70F780086010F;10;868300;0.452608;105;8;86.5;41;1016;1012.7;19.65;26;281.93;3.495;396;27.1;13.4
234397;70B3D54998CC2DCB;2023-09-12 08:03:23;1694505803;9768;1;2F03A9278F6F44044B001B510DA80F6E00A1012E;12;868100;1.810432;109;8;84.5;40.5;1099;1012.7;20.35;27;284.84;3.496;395;30.2;16.1
234402;70B3D54998CC2DCB;2023-09-12 08:13:22;1694506402;9769;1;2F3FA62790703C046F001B550DA90F6400A000FF;10;868100;0.452608;104;7;83;42.5;1135;1012.8;20.95;27;287.32;3.497;394;25.5;16
234407;70B3D54998CC2DCB;2023-09-12 08:23:22;1694507002;9770;1;2F66A3279177F3046C001C510DA90EA600B3013D;10;868300;0.452608;105;6;81.5;40.5;1132;1012.9;21.34;28;307.07;3.497;375;31.7;17.9
234412;70B3D54998CC2DCB;2023-09-12 08:33:23;1694507603;9771;1;2F90A127907B090474001D530DA90E74009500CC;12;868100;1.810432;111;6;80.5;41.5;1140;1012.8;21.76;29;314.97;3.497;370;20.4;14.9
234417;70B3D54998CC2DCB;2023-09-12 08:43:21;1694508201;9772;1;2FB09C279087B504B3001E530DA80ED8007A0087;10;868500;0.452608;105;7;78;41.5;1203;1012.8;22.08;30;347.41;3.496;380;13.5;12.2
234422;70B3D54998CC2DCB;2023-09-12 08:53:21;1694508801;9773;1;2FD097278F92340487001D510DAA0D7A006700C0;10;868500;0.452608;108;5;75.5;40.5;1159;1012.7;22.4;29;374.28;3.498;345;19.2;10.3
234427;70B3D54998CC2DCB;2023-09-12 09:03:22;1694509402;9774;1;2FF297278F8C46047E001D520DA90E60006200B1;12;868100;1.810432;120;16;75.5;41;1150;1012.7;22.74;29;359.1;3.497;368;17.7;9.8
234432;70B3D54998CC2DCB;2023-09-12 09:13:21;1694510001;9775;1;301096278F8C460481001E530DA90DCA00740080;10;868100;0.452608;120;14;75;41.5;1153;1012.7;23.04;30;359.1;3.497;353;12.8;11.6
234437;70B3D54998CC2DCB;2023-09-12 09:23:21;1694510601;9776;1;302E9427908A7804A7001F530DA80CDA008F00C1;10;868500;0.452608;111;6;74;41.5;1191;1012.8;23.34;31;354.48;3.496;329;19.3;14.3
234442;70B3D54998CC2DCB;2023-09-12 09:33:22;1694511202;9777;1;305B922792834A046B001E530DA90C9E009100D9;12;868100;1.810432;121;15;73;41.5;1131;1013;23.79;30;336.1;3.497;323;21.7;14.5
234447;70B3D54998CC2DCB;2023-09-12 09:43:21;1694511801;9778;1;306C8F27928A7803880018520DAA0C9E007100BB;10;868500;0.452608;104;8;71.5;41;904;1013;23.96;24;354.48;3.498;323;18.7;11.3
234452;70B3D54998CC2DCB;2023-09-12 09:53:21;1694512401;9779;1;308C8D2792890004AE0021540DA80D5C009500ED;10;868500;0.452608;108;3;70.5;42;1198;1013;24.28;33;350.72;3.496;342;23.7;14.9
234457;70B3D54998CC2DCB;2023-09-12 10:03:22;1694513002;9780;1;30B88A2790860404F70023530DA70E4C008F011B;12;868100;1.810432;119;6;69;41.5;1271;1012.8;24.72;35;343.08;3.495;366;28.3;14.3
234462;70B3D54998CC2DCB;2023-09-12 10:13:21;1694513601;9781;1;30F78727927B4504800020540DA80DDE006800B9;10;868300;0.452608;107;7;67.5;42;1152;1013;25.35;32;315.57;3.496;355;18.5;10.4
234467;70B3D54998CC2DCB;2023-09-12 10:23:21;1694514201;9782;1;311084278F806B04B00020530DA80CD00079013C;10;868500;0.452608;119;9;66;41.5;1200;1012.7;25.6;32;328.75;3.496;328;31.6;12.1
234472;70B3D54998CC2DCB;2023-09-12 10:33:22;1694514802;9783;1;314581278F8AC505B20028520DA70C58005700FE;12;868100;1.810432;120;15;64.5;41;1458;1012.7;26.13;40;355.25;3.495;316;25.4;8.7
234477;70B3D54998CC2DCB;2023-09-12 10:43:21;1694515401;9784;1;31847D278F879005330024570DA80CE4006C0085;10;868500;0.452608;107;6;62.5;43.5;1331;1012.7;26.76;36;347.04;3.496;330;13.3;10.8
234482;70B3D54998CC2DCB;2023-09-12 10:53:21;1694516001;9785;1;318F7C27908A0703C5001B530DA90C1C0064007B;10;868100;0.452608;113;5;62;41.5;965;1012.8;26.87;27;353.35;3.497;310;12.3;10
234487;70B3D54998CC2DCB;2023-09-12 11:03:22;1694516602;9786;1;319678279186280426001D540DA90B5E0089014C;12;868300;1.810432;108;2;60;42;1062;1012.9;26.94;29;343.44;3.497;291;33.2;13.7
234492;70B3D54998CC2DCB;2023-09-12 11:13:20;1694517200;9787;1;3197792790936F050E0023540DA90BC20054007B;10;868500;0.452608;109;3;60.5;42;1294;1012.8;26.95;35;377.43;3.497;301;12.3;8.4
234497;70B3D54998CC2DCB;2023-09-12 11:23:20;1694517800;9788;1;31E575278F8F6404CE0021550DAA0B86009200CA;10;868100;0.452608;120;14;58.5;42.5;1230;1012.7;27.73;33;367.08;3.498;295;20.2;14.6
234502;70B3D54998CC2DCB;2023-09-12 11:33:21;1694518401;9789;1;323370278E91FC08A7003B540DAD0CC6005A009E;12;868100;1.810432;113;3;56;42;2215;1012.6;28.51;59;373.72;3.501;327;15.8;9
234507;70B3D54998CC2DCB;2023-09-12 11:43:21;1694519001;9790;1;32C06B278D8F8D078D0033530DAF0ABE00550064;10;868500;0.452608;118;9;53.5;41.5;1933;1012.5;29.92;51;367.49;3.503;275;10;8.5
234512;70B3D54998CC2DCB;2023-09-12 11:53:21;1694519601;9791;1;334365278D8C20074E0035560DB10A8200730083;10;868100;0.452608;120;10;50.5;43;1870;1012.5;31.23;53;358.72;3.505;269;13.1;11.5
234517;70B3D54998CC2DCB;2023-09-12 12:03:23;1694520203;9792;1;335163278E7DAB05690025540DAF0AA000480060;12;868300;1.810432;108;7;49.5;42;1385;1012.6;31.37;37;321.71;3.503;272;9.6;7.2
234522;70B3D54998CC2DCB;2023-09-12 12:13:21;1694520801;9793;1;331464278C83B10421001D520DAF0BB8005A0062;10;868500;0.452608;107;6;50;41;1057;1012.4;30.76;29;337.13;3.503;300;9.8;9
234527;70B3D54998CC2DCB;2023-09-12 12:23:20;1694521400;9794;1;32CD64278B960C03850018550DB00B7C0052006C;10;868100;0.452608;113;3;50;42.5;901;1012.3;30.05;24;384.12;3.504;294;10.8;8.2
234532;70B3D54998CC2DCB;2023-09-12 12:33:20;1694522000;9795;1;329063278BA77A04DA0021550DAE0B4A0033005A;12;868500;1.810432;101;6;49.5;42.5;1242;1012.3;29.44;33;428.74;3.502;289;9;5.1
234537;70B3D54998CC2DCB;2023-09-12 12:43:18;1694522598;9796;1;325767278ABBFD04F20021550DAD0B2C0047006B;10;868300;0.452608;109;5;51.5;42.5;1266;1012.2;28.87;33;481.25;3.501;286;10.7;7.1
234542;70B3D54998CC2DCB;2023-09-12 12:53:18;1694523198;9797;1;32356B278ABB9604CD0022550DAD0AAA0043004A;10;868500;0.452608;107;7;53.5;42.5;1229;1012.2;28.53;34;480.22;3.501;273;7.4;6.7
234547;70B3D54998CC2DCB;2023-09-12 13:03:19;1694523799;9798;1;323D6C278AB28704BA0020560DAC0C08004E0056;12;868500;1.810432;119;18;54;43;1210;1012.2;28.61;32;457.03;3.5;308;8.6;7.8
234552;70B3D54998CC2DCB;2023-09-12 13:13:17;1694524397;9799;1;324466278AD09D07680035550DAC0B9000450069;10;868500;0.452608;114;8;51;42.5;1896;1012.2;28.68;53;534.05;3.5;296;10.5;6.9
234557;70B3D54998CC2DCB;2023-09-12 13:23:18;1694524998;9800;1;329861278ADEC70744002D560DAE0AAA0020002F;10;868300;0.452608;109;6;48.5;43;1860;1012.2;29.52;45;570.31;3.502;273;4.7;3.2
234562;70B3D54998CC2DCB;2023-09-12 13:33:19;1694525599;9801;1;32CE5D2788DDD608400036540DAE0B40002800C6;12;868300;1.810432;104;5;46.5;42;2112;1012;30.06;54;567.9;3.502;288;19.8;4
234567;70B3D54998CC2DCB;2023-09-12 13:43:18;1694526198;9802;1;33045D2787D072068A002A560DAD0A780027007A;10;868100;0.452608;119;11;46.5;43;1674;1011.9;30.6;42;533.62;3.501;268;12.2;3.9
234572;70B3D54998CC2DCB;2023-09-12 13:53:17;1694526797;9803;1;32F95E2787D27405E10025550DAE0B4A002C0038;10;868100;0.452608;113;5;47;42.5;1505;1011.9;30.49;37;538.76;3.502;289;5.6;4.4
234577;70B3D54998CC2DCB;2023-09-12 14:03:19;1694527399;9804;1;3422522788CA2F16A7009A560DDA0A00001F002B;12;868500;1.810432;111;2;41;43;5799;1012;33.46;154;517.59;3.546;256;4.3;3.1
234582;70B3D54998CC2DCB;2023-09-12 14:13:19;1694527999;9805;1;346B4B2785C34307BF0031550DB80B22001E0043;10;868500;0.452608;108;7;37.5;42.5;1983;1011.7;34.19;49;499.87;3.512;285;6.7;3
234587;70B3D54998CC2DCB;2023-09-12 14:23:18;1694528598;9806;1;34A44C2784C28A166F0088550DC20A32002C0031;10;868500;0.452608;106;6;38;42.5;5743;1011.6;34.76;136;498.02;3.522;261;4.9;4.4
234592;70B3D54998CC2DCB;2023-09-12 14:33:19;1694529199;9807;1;34604C2784D14705E60024550DB90C7600330038;12;868500;1.810432;107;16;38;42.5;1510;1011.6;34.08;36;535.75;3.513;319;5.6;5.1
234597;70B3D54998CC2DCB;2023-09-12 14:43:16;1694529796;9808;1;33CA512783E39C04FE0020570DB90B4A0031007D;10;868500;0.452608;96;4;40.5;43.5;1278;1011.5;32.58;32;582.68;3.513;289;12.5;4.9
234602;70B3D54998CC2DCB;2023-09-12 14:53:15;1694530395;9809;1;3347562782F80C0406001A540DB90B7C0033004D;10;868100;0.452608;118;9;43;42;1030;1011.4;31.27;26;635;3.513;294;7.7;5.1
234607;70B3D54998CC2DCB;2023-09-12 15:03:15;1694530995;9810;1;32BF5F2783F6A6033A0015550DB80AE600210030;12;868500;1.810432;107;5;47.5;42.5;826;1011.5;29.91;21;631.42;3.512;279;4.8;3.3
234612;70B3D54998CC2DCB;2023-09-12 15:13:13;1694531593;9811;1;3296652783DD170AF9003E550DB10B90004A007F;10;868100;0.452608;117;1;50.5;42.5;2809;1011.5;29.5;62;565.99;3.505;296;12.7;7.4
234617;70B3D54998CC2DCB;2023-09-12 15:23:15;1694532195;9812;1;344B562782ABF922D9009E590DC20C2600300035;10;868100;0.452608;119;14;43;44.5;8921;1011.4;33.87;158;440.25;3.522;311;5.3;4.8
234622;70B3D54998CC2DCB;2023-09-12 15:33:18;1694532798;9813;1;34BE4E2782ACA70C6D0043550DBD09B0001C004A;12;868100;1.810432;110;7;39;42.5;3181;1011.4;35.02;67;441.99;3.517;248;7.4;2.8
234627;70B3D54998CC2DCB;2023-09-12 15:43:14;1694533394;9814;1;3423532782BBB80AC8003A550DBA0A460035004F;10;868100;0.452608;111;6;41.5;42.5;2760;1011.4;33.47;58;480.56;3.514;263;7.9;5.3
234631;70B3D54998CC2DCB;2023-09-12 15:53:13;1694533993;9815;1;33A5582782C3680A020035530DB80A3200280036;10;868500;0.452608;108;6;44;41.5;2562;1011.4;32.21;53;500.24;3.512;261;5.4;4
234636;70B3D54998CC2DCB;2023-09-12 16:03:14;1694534594;9816;1;33375D2781C5EA0889002E540DB70A8C00450055;12;868500;1.810432;110;3;46.5;42;2185;1011.3;31.11;46;506.66;3.511;270;8.5;6.9
234641;70B3D54998CC2DCB;2023-09-12 16:13:12;1694535192;9817;1;32B6622781D9F803FB0017520DBD0B5400330075;10;868500;0.452608;115;8;49;41;1019;1011.3;29.82;23;558;3.517;290;11.7;5.1
234646;70B3D54998CC2DCB;2023-09-12 16:23:10;1694535790;9818;1;3238672781DC88038D0016540DBA0AE6002E0033;10;868100;0.452608;115;3;51.5;42;909;1011.3;28.56;22;564.56;3.514;279;5.1;4.6
234651;70B3D54998CC2DCB;2023-09-12 16:33:11;1694536391;9819;1;31EC6C2781CB4702B30012540DB90B90002F00AE;12;868500;1.810432;115;17;54;42;691;1011.3;27.8;18;520.39;3.513;296;17.4;4.7
234656;70B3D54998CC2DCB;2023-09-12 16:43:09;1694536989;9820;1;319C702782D6EF0199000B560DBA0BA40038003F;10;868300;0.452608;107;7;56;43;409;1011.4;27;11;550.23;3.514;298;6.3;5.6
234661;70B3D54998CC2DCB;2023-09-12 16:53:09;1694537589;9821;1;3146732783DC8800D20006530DC40C1C00330039;10;868500;0.452608;105;4;57.5;41.5;210;1011.5;26.14;6;564.56;3.524;310;5.7;5.1
234666;70B3D54998CC2DCB;2023-09-12 17:03:09;1694538189;9822;1;3101772784D01D007D0003530DF80C3A003D0044;12;868500;1.810432;120;16;59.5;41.5;125;1011.6;25.45;3;532.77;3.576;313;6.8;6.1
234671;70B3D54998CC2DCB;2023-09-12 17:13:08;1694538788;9823;1;30C9792785CDAB00770003540DE40C260024002F;10;868300;0.452608;94;5;60.5;42;119;1011.7;24.89;3;526.51;3.556;311;4.7;3.6
234676;70B3D54998CC2DCB;2023-09-12 17:23:07;1694539387;9824;1;309A7A2786C59E00500002520F0B0C12002A003D;10;868300;0.452608;114;7;61;41;80;1011.8;24.42;2;505.9;3.851;309;6.1;4.2
234681;70B3D54998CC2DCB;2023-09-12 17:33:08;1694539988;9825;1;30717C2785BAC9004C0002500F280D2000310044;12;868500;1.810432;119;16;62;40;76;1011.7;24.01;2;478.17;3.88;336;6.8;4.9
234686;70B3D54998CC2DCB;2023-09-12 17:43:06;1694540586;9826;1;304A7F2785BB9600340001510F390C26004B0083;10;868300;0.452608;106;7;63.5;40.5;52;1011.7;23.62;1;480.22;3.897;311;13.1;7.5
234691;70B3D54998CC2DCB;2023-09-12 17:53:05;1694541185;9827;1;3026822786AE07000C0000530F3E0CDA00470081;10;868500;0.452608;107;6;65;41.5;12;1011.8;23.26;0;445.51;3.902;329;12.9;7.1
234696;70B3D54998CC2DCB;2023-09-12 18:03:06;1694541786;9828;1;3006842786A55D00030000500F3D0C2600390047;12;868100;1.810432;120;7;66;40;3;1011.8;22.94;0;423.33;3.901;311;7.1;5.7
234701;70B3D54998CC2DCB;2023-09-12 18:13:04;1694542384;9829;1;2FE58827879F5700000000540F400C7600440050;10;868500;0.452608;117;7;68;42;0;1011.9;22.61;0;407.91;3.904;319;8;6.8
234706;70B3D54998CC2DCB;2023-09-12 18:23:03;1694542983;9830;1;2FC689278899A600000000540F400C80004A0052;10;868100;0.452608;112;4;68.5;42;0;1012;22.3;0;393.34;3.904;320;8.2;7.4
234711;70B3D54998CC2DCB;2023-09-12 18:33:05;1694543585;9831;1;2FB08A278A8BF900000000520F3F0CA80035003A;12;868500;1.810432;117;6;69;41;0;1012.2;22.08;0;358.33;3.903;324;5.8;5.3
234716;70B3D54998CC2DCB;2023-09-12 18:43:03;1694544183;9832;1;2F9E8D278B86FF00000000520F3F0D840057008E;10;868300;0.452608;94;4;70.5;41;0;1012.3;21.9;0;345.59;3.903;346;14.2;8.7
234721;70B3D54998CC2DCB;2023-09-12 18:53:02;1694544782;9833;1;2F8C90278B85E000000000550F3E0DA2006B00A7;10;868100;0.452608;119;7;72;42.5;0;1012.3;21.72;0;342.72;3.902;349;16.7;10.7
234726;70B3D54998CC2DCB;2023-09-12 19:03:03;1694545383;9834;1;2F7D93278B7DCA00000000520F3F0CD0007E00B4;12;868500;1.810432;117;17;73.5;41;0;1012.3;21.57;0;322.02;3.903;328;18;12.6
234731;70B3D54998CC2DCB;2023-09-12 19:13:01;1694545981;9835;1;2F7093278A779D00000000510F3D0C4E007200D4;10;868100;0.452608;119;10;73.5;40.5;0;1012.2;21.44;0;306.21;3.901;315;21.2;11.4
234735;70B3D54998CC2DCB;2023-09-12 19:23:01;1694546581;9836;1;2F6794278B71D100000000510F3F0DF200740093;10;868300;0.452608;103;5;74;40.5;0;1012.3;21.35;0;291.37;3.903;357;14.7;11.6
234740;70B3D54998CC2DCB;2023-09-12 19:33:02;1694547182;9837;1;2F5F95278A6DF100000000510F3E0D3E006C00FB;12;868300;1.810432;115;6;74.5;40.5;0;1012.2;21.27;0;281.45;3.902;339;25.1;10.8
234745;70B3D54998CC2DCB;2023-09-12 19:43:01;1694547781;9838;1;2F5896278B757000000000510F3E0D2000700089;10;868500;0.452608;108;6;75;40.5;0;1012.3;21.2;0;300.64;3.902;336;13.7;11.2
234750;70B3D54998CC2DCB;2023-09-12 19:53:00;1694548380;9839;1;2F4999278B75DE00000000520F3E0C1C00640073;10;868500;0.452608;120;16;76.5;41;0;1012.3;21.05;0;301.74;3.902;310;11.5;10
234755;70B3D54998CC2DCB;2023-09-12 20:03:01;1694548981;9840;1;2F359C278B725200000000520F3C0D48005F00B4;12;868500;1.810432;117;8;78;41;0;1012.3;20.85;0;292.66;3.9;340;18;9.5
234760;70B3D54998CC2DCB;2023-09-12 20:12:59;1694549579;9841;1;2F1D9B278C76D800000000530F3D0CA800620088;10;868100;0.452608;108;6;77.5;41.5;0;1012.4;20.61;0;304.24;3.901;324;13.6;9.8
234765;70B3D54998CC2DCB;2023-09-12 20:22:58;1694550178;9842;1;2F00A1278B6E3900000000530F3C0D6600420052;10;868300;0.452608;114;9;80.5;41.5;0;1012.3;20.32;0;282.17;3.9;343;8.2;6.6
234770;70B3D54998CC2DCB;2023-09-12 20:32:59;1694550779;9843;1;2EE7A2278B663200000000520F3C0D7000770110;12;868100;1.810432;120;10;81;41;0;1012.3;20.07;0;261.62;3.9;344;27.2;11.9
234774;70B3D54998CC2DCB;2023-09-12 20:42:57;1694551377;9844;1;2ED4A3278A705500000000530F3C0D34009000EE;10;868100;0.452608;120;11;81.5;41.5;0;1012.2;19.88;0;287.57;3.9;338;23.8;14.4
234779;70B3D54998CC2DCB;2023-09-12 20:52:57;1694551977;9845;1;2EC5A4278A6D1B00000000530F3C0D16008800AD;10;868300;0.452608;117;6;82;41.5;0;1012.2;19.73;0;279.31;3.9;335;17.3;13.6
234784;70B3D54998CC2DCB;2023-09-12 21:02:58;1694552578;9846;1;2EB6A7278A66C400000000510F3C0D48009600D3;12;868100;1.810432;111;4;83.5;40.5;0;1012.2;19.58;0;263.08;3.9;340;21.1;15
234789;70B3D54998CC2DCB;2023-09-12 21:12:56;1694553176;9847;1;2EAAA6278A633600000000520F3B0E2E007600CF;10;868100;0.452608;119;7;83;41;0;1012.2;19.46;0;253.98;3.899;363;20.7;11.8
234794;70B3D54998CC2DCB;2023-09-12 21:22:55;1694553775;9848;1;2EA5A7278A62D500000000530F3B0D3400800100;10;868100;0.452608;120;13;83.5;41.5;0;1012.2;19.41;0;253.01;3.899;338;25.6;12.8
234799;70B3D54998CC2DCB;2023-09-12 21:32:56;1694554376;9849;1;2EA0A5278B674200000000530F3B0DD400A400D5;12;868500;1.810432;107;6;82.5;41.5;0;1012.3;19.36;0;264.34;3.899;354;21.3;16.4
234804;70B3D54998CC2DCB;2023-09-12 21:42:55;1694554975;9850;1;2E9BAA278B697400000000540F3B0ECE00AF0105;10;868500;0.452608;119;13;85;42;0;1012.3;19.31;0;269.96;3.899;379;26.1;17.5
234809;70B3D54998CC2DCB;2023-09-12 21:52:54;1694555574;9851;1;2E92A9278C652800000000550F3A0DD400960104;10;868300;0.452608;117;6;84.5;42.5;0;1012.4;19.22;0;258.96;3.898;354;26;15
234814;70B3D54998CC2DCB;2023-09-12 22:02:55;1694556175;9852;1;2E8AAC278D62E900000000500F3A0E60007200CF;12;868500;1.810432;106;6;86;40;0;1012.5;19.14;0;253.21;3.898;368;20.7;11.4
234819;70B3D54998CC2DCB;2023-09-12 22:12:53;1694556773;9853;1;2E83AC278D628800000000520F3B0E2400BC0124;10;868300;0.452608;115;7;86;41;0;1012.5;19.07;0;252.24;3.899;362;29.2;18.8
234824;70B3D54998CC2DCB;2023-09-12 22:22:53;1694557373;9854;1;2E7DAE278C62AF00000000520F3A0E560077012D;10;868500;0.452608;118;14;87;41;0;1012.4;19.01;0;252.63;3.898;367;30.1;11.9
234829;70B3D54998CC2DCB;2023-09-12 22:32:54;1694557974;9855;1;2E7AAE278C642300000000530F3A0E38007A0105;12;868100;1.810432;117;10;87;41.5;0;1012.4;18.98;0;256.35;3.898;364;26.1;12.2
234834;70B3D54998CC2DCB;2023-09-12 22:42:52;1694558572;9856;1;2E76AD278C624E00000000510F390E2E00A101A4;10;868300;0.452608;108;3;86.5;40.5;0;1012.4;18.94;0;251.66;3.897;363;42;16.1
234839;70B3D54998CC2DCB;2023-09-12 22:52:52;1694559172;9857;1;2E71AD278B610D00000000500F3A0D7A00B6016B;10;868500;0.452608;108;6;86.5;40;0;1012.3;18.89;0;248.45;3.898;345;36.3;18.2
234844;70B3D54998CC2DCB;2023-09-12 23:02:53;1694559773;9858;1;2E6BAC278C623B00000000520F390D5C00DB01DB;12;868500;1.810432;115;10;86;41;0;1012.4;18.83;0;251.47;3.897;342;47.5;21.9
234849;70B3D54998CC2DCB;2023-09-12 23:12:51;1694560371;9859;1;2E66AF278B627500000000560F380E7400D601BE;10;868500;0.452608;119;11;87.5;43;0;1012.3;18.78;0;252.05;3.896;370;44.6;21.4
234854;70B3D54998CC2DCB;2023-09-12 23:22:51;1694560971;9860;1;2E61AF278B639800000000520F380E5600840136;10;868300;0.452608;106;3;87.5;41;0;1012.3;18.73;0;254.96;3.896;367;31;13.2
234859;70B3D54998CC2DCB;2023-09-12 23:32:51;1694561571;9861;1;2E59AF278B634A00000000550F380E7E00F6024B;12;868500;1.810432;106;5;87.5;42.5;0;1012.3;18.65;0;254.18;3.896;371;58.7;24.6
234864;70B3D54998CC2DCB;2023-09-12 23:42:50;1694562170;9862;1;2E50AF278B63C000000000510F360F0A00C20185;10;868100;0.452608;121;13;87.5;40.5;0;1012.3;18.56;0;255.36;3.894;385;38.9;19.4
234869;70B3D54998CC2DCB;2023-09-12 23:52:50;1694562770;9863;1;2E49AF278B652800000000510F360FB400F002EB;10;868100;0.452608;110;6;87.5;40.5;0;1012.3;18.49;0;258.96;3.894;402;74.7;24
